<?xml version="1.0" encoding="UTF-8"?>
<project-private xmlns="http://www.netbeans.org/ns/project-private/1">
    <editor-bookmarks xmlns="http://www.netbeans.org/ns/editor-bookmarks/2" lastBookmarkId="0"/>
    <open-files xmlns="http://www.netbeans.org/ns/projectui-open-files/2">
        <group>
            <file>file:/Users/hussein/Desktop/FinalProject/src/finalproject/AdminFrame.java</file>
            <file>file:/Users/hussein/Desktop/FinalProject/src/finalproject/Teacher.java</file>
            <file>file:/Users/hussein/Desktop/FinalProject/src/finalproject/Course.java</file>
            <file>file:/Users/hussein/Desktop/FinalProject/src/finalproject/Admin.java</file>
            <file>file:/Users/hussein/Desktop/FinalProject/src/finalproject/Student.java</file>
            <file>file:/Users/hussein/Desktop/FinalProject/src/finalproject/TeacherFrame.java</file>
            <file>file:/Users/hussein/Desktop/FinalProject/src/finalproject/StudentFrame.java</file>
            <file>file:/Users/hussein/Desktop/FinalProject/src/finalproject/LoginFrame.java</file>
            <file>file:/Users/hussein/Desktop/FinalProject/src/finalproject/User.java</file>
        </group>
    </open-files>
</project-private>
